movie_name,message_id,date,video_path,quality,size,language,channel_type,channel_id,channel_username
Engaged Roka Ya Dhoka S01,32,2026-03-18,,Unknown,Unknown,Hindi,serial,-1003614546520,@Entertainment_Tadka_Serial_786
Engaged Roka Ya Dhoka S01,33,2026-03-18,,Unknown,Unknown,Hindi,serial,-1003614546520,@Entertainment_Tadka_Serial_786
Engaged Roka Ya Dhoka S01,34,2026-03-18,,Unknown,Unknown,Hindi,serial,-1003614546520,@Entertainment_Tadka_Serial_786
Engaged Roka Ya Dhoka S01,35,2026-03-18,,Unknown,Unknown,Hindi,serial,-1003614546520,@Entertainment_Tadka_Serial_786
Engaged Roka Ya Dhoka S01,36,2026-03-18,,Unknown,Unknown,Hindi,serial,-1003614546520,@Entertainment_Tadka_Serial_786
Engaged Roka Ya Dhoka S01,37,2026-03-18,,Unknown,Unknown,Hindi,serial,-1003614546520,@Entertainment_Tadka_Serial_786
Engaged Roka Ya Dhoka S01,38,2026-03-18,,Unknown,Unknown,Hindi,serial,-1003614546520,@Entertainment_Tadka_Serial_786
Engaged Roka Ya Dhoka S01,39,2026-03-18,,Unknown,Unknown,Hindi,serial,-1003614546520,@Entertainment_Tadka_Serial_786
Engaged Roka Ya Dhoka S01,40,2026-03-18,,Unknown,Unknown,Hindi,serial,-1003614546520,@Entertainment_Tadka_Serial_786
Engaged Roka Ya Dhoka S01,41,2026-03-18,,Unknown,Unknown,Hindi,serial,-1003614546520,@Entertainment_Tadka_Serial_786
Engaged Roka Ya Dhoka S01,42,2026-03-18,,Unknown,Unknown,Hindi,serial,-1003614546520,@Entertainment_Tadka_Serial_786
Engaged Roka Ya Dhoka S01,43,2026-03-18,,Unknown,Unknown,Hindi,serial,-1003614546520,@Entertainment_Tadka_Serial_786
Engaged Roka Ya Dhoka S01,44,2026-03-18,,Unknown,Unknown,Hindi,serial,-1003614546520,@Entertainment_Tadka_Serial_786
Engaged Roka Ya Dhoka S01,45,2026-03-18,,Unknown,Unknown,Hindi,serial,-1003614546520,@Entertainment_Tadka_Serial_786
Engaged Roka Ya Dhoka S01,46,2026-03-18,,Unknown,Unknown,Hindi,serial,-1003614546520,@Entertainment_Tadka_Serial_786
Engaged Roka Ya Dhoka S01,47,2026-03-18,,Unknown,Unknown,Hindi,serial,-1003614546520,@Entertainment_Tadka_Serial_786
Engaged Roka Ya Dhoka S01,48,2026-03-18,,Unknown,Unknown,Hindi,serial,-1003614546520,@Entertainment_Tadka_Serial_786
Engaged Roka Ya Dhoka S01,49,2026-03-18,,Unknown,Unknown,Hindi,serial,-1003614546520,@Entertainment_Tadka_Serial_786
Engaged Roka Ya Dhoka S01,50,2026-03-18,,Unknown,Unknown,Hindi,serial,-1003614546520,@Entertainment_Tadka_Serial_786
Engaged Roka Ya Dhoka S01,51,2026-03-18,,Unknown,Unknown,Hindi,serial,-1003614546520,@Entertainment_Tadka_Serial_786
Engaged Roka Ya Dhoka S01,52,2026-03-18,,Unknown,Unknown,Hindi,serial,-1003614546520,@Entertainment_Tadka_Serial_786
Engaged Roka Ya Dhoka S01,53,2026-03-18,,Unknown,Unknown,Hindi,serial,-1003614546520,@Entertainment_Tadka_Serial_786
Engaged Roka Ya Dhoka S01,54,2026-03-18,,Unknown,Unknown,Hindi,serial,-1003614546520,@Entertainment_Tadka_Serial_786
Engaged Roka Ya Dhoka S01,55,2026-03-18,,Unknown,Unknown,Hindi,serial,-1003614546520,@Entertainment_Tadka_Serial_786
Engaged Roka Ya Dhoka S01,56,2026-03-18,,Unknown,Unknown,Hindi,serial,-1003614546520,@Entertainment_Tadka_Serial_786
Engaged Roka Ya Dhoka S01,57,2026-03-18,,Unknown,Unknown,Hindi,serial,-1003614546520,@Entertainment_Tadka_Serial_786
Engaged Roka Ya Dhoka S01,58,2026-03-18,,Unknown,Unknown,Hindi,serial,-1003614546520,@Entertainment_Tadka_Serial_786
Engaged Roka Ya Dhoka S01,59,2026-03-18,,Unknown,Unknown,Hindi,serial,-1003614546520,@Entertainment_Tadka_Serial_786
Engaged Roka Ya Dhoka S01,60,2026-03-18,,Unknown,Unknown,Hindi,serial,-1003614546520,@Entertainment_Tadka_Serial_786
Engaged Roka Ya Dhoka S01,61,2026-03-18,,Unknown,Unknown,Hindi,serial,-1003614546520,@Entertainment_Tadka_Serial_786
Engaged Roka Ya Dhoka S01,62,2026-03-18,,Unknown,Unknown,Hindi,serial,-1003614546520,@Entertainment_Tadka_Serial_786
Engaged Roka Ya Dhoka S01,63,2026-03-18,,Unknown,Unknown,Hindi,serial,-1003614546520,@Entertainment_Tadka_Serial_786
Engaged Roka Ya Dhoka S01,64,2026-03-18,,Unknown,Unknown,Hindi,serial,-1003614546520,@Entertainment_Tadka_Serial_786
Engaged Roka Ya Dhoka S01,65,2026-03-18,,Unknown,Unknown,Hindi,serial,-1003614546520,@Entertainment_Tadka_Serial_786
Engaged Roka Ya Dhoka S01,66,2026-03-18,,Unknown,Unknown,Hindi,serial,-1003614546520,@Entertainment_Tadka_Serial_786
Engaged Roka Ya Dhoka S01,67,2026-03-18,,Unknown,Unknown,Hindi,serial,-1003614546520,@Entertainment_Tadka_Serial_786
Engaged Roka Ya Dhoka S01,68,2026-03-18,,Unknown,Unknown,Hindi,serial,-1003614546520,@Entertainment_Tadka_Serial_786
Engaged Roka Ya Dhoka S01,69,2026-03-18,,Unknown,Unknown,Hindi,serial,-1003614546520,@Entertainment_Tadka_Serial_786
Engaged Roka Ya Dhoka S01,70,2026-03-18,,Unknown,Unknown,Hindi,serial,-1003614546520,@Entertainment_Tadka_Serial_786
Engaged Roka Ya Dhoka S01,71,2026-03-18,,Unknown,Unknown,Hindi,serial,-1003614546520,@Entertainment_Tadka_Serial_786
Engaged Roka Ya Dhoka S01,72,2026-03-18,,Unknown,Unknown,Hindi,serial,-1003614546520,@Entertainment_Tadka_Serial_786
Engaged Roka Ya Dhoka S01,73,2026-03-18,,Unknown,Unknown,Hindi,serial,-1003614546520,@Entertainment_Tadka_Serial_786
Engaged Roka Ya Dhoka S01,74,2026-03-18,,Unknown,Unknown,Hindi,serial,-1003614546520,@Entertainment_Tadka_Serial_786
Engaged Roka Ya Dhoka S01,75,2026-03-18,,Unknown,Unknown,Hindi,serial,-1003614546520,@Entertainment_Tadka_Serial_786
Engaged Roka Ya Dhoka S01,76,2026-03-18,,Unknown,Unknown,Hindi,serial,-1003614546520,@Entertainment_Tadka_Serial_786
Engaged Roka Ya Dhoka S01,77,2026-03-18,,Unknown,Unknown,Hindi,serial,-1003614546520,@Entertainment_Tadka_Serial_786
Engaged Roka Ya Dhoka S01,78,2026-03-18,,Unknown,Unknown,Hindi,serial,-1003614546520,@Entertainment_Tadka_Serial_786
Engaged Roka Ya Dhoka S01,79,2026-03-18,,Unknown,Unknown,Hindi,serial,-1003614546520,@Entertainment_Tadka_Serial_786
Engaged Roka Ya Dhoka S01,80,2026-03-18,,Unknown,Unknown,Hindi,serial,-1003614546520,@Entertainment_Tadka_Serial_786
Engaged Roka Ya Dhoka S01,81,2026-03-18,,Unknown,Unknown,Hindi,serial,-1003614546520,@Entertainment_Tadka_Serial_786
Engaged Roka Ya Dhoka S01,82,2026-03-18,,Unknown,Unknown,Hindi,serial,-1003614546520,@Entertainment_Tadka_Serial_786
Engaged Roka Ya Dhoka S01,83,2026-03-18,,Unknown,Unknown,Hindi,serial,-1003614546520,@Entertainment_Tadka_Serial_786
Engaged Roka Ya Dhoka S01,84,2026-03-18,,Unknown,Unknown,Hindi,serial,-1003614546520,@Entertainment_Tadka_Serial_786
Engaged Roka Ya Dhoka S01,85,2026-03-18,,Unknown,Unknown,Hindi,serial,-1003614546520,@Entertainment_Tadka_Serial_786
Engaged Roka Ya Dhoka S01,86,2026-03-18,,Unknown,Unknown,Hindi,serial,-1003614546520,@Entertainment_Tadka_Serial_786
Engaged Roka Ya Dhoka S01,87,2026-03-18,,Unknown,Unknown,Hindi,serial,-1003614546520,@Entertainment_Tadka_Serial_786
Engaged Roka Ya Dhoka S01,88,2026-03-18,,Unknown,Unknown,Hindi,serial,-1003614546520,@Entertainment_Tadka_Serial_786
Engaged Roka Ya Dhoka S01,89,2026-03-18,,Unknown,Unknown,Hindi,serial,-1003614546520,@Entertainment_Tadka_Serial_786
Engaged Roka Ya Dhoka S01,90,2026-03-18,,Unknown,Unknown,Hindi,serial,-1003614546520,@Entertainment_Tadka_Serial_786
Engaged Roka Ya Dhoka S01,91,2026-03-18,,Unknown,Unknown,Hindi,serial,-1003614546520,@Entertainment_Tadka_Serial_786
Engaged Roka Ya Dhoka S01,92,2026-03-18,,Unknown,Unknown,Hindi,serial,-1003614546520,@Entertainment_Tadka_Serial_786
Engaged Roka Ya Dhoka S01,93,2026-03-18,,Unknown,Unknown,Hindi,serial,-1003614546520,@Entertainment_Tadka_Serial_786
Engaged Roka Ya Dhoka S01,94,2026-03-18,,Unknown,Unknown,Hindi,serial,-1003614546520,@Entertainment_Tadka_Serial_786
Engaged Roka Ya Dhoka S01,95,2026-03-18,,Unknown,Unknown,Hindi,serial,-1003614546520,@Entertainment_Tadka_Serial_786
Engaged Roka Ya Dhoka S01,96,2026-03-18,,Unknown,Unknown,Hindi,serial,-1003614546520,@Entertainment_Tadka_Serial_786
Engaged Roka Ya Dhoka S01,97,2026-03-18,,Unknown,Unknown,Hindi,serial,-1003614546520,@Entertainment_Tadka_Serial_786
Engaged Roka Ya Dhoka S01,98,2026-03-18,,Unknown,Unknown,Hindi,serial,-1003614546520,@Entertainment_Tadka_Serial_786
Engaged Roka Ya Dhoka S01,99,2026-03-18,,Unknown,Unknown,Hindi,serial,-1003614546520,@Entertainment_Tadka_Serial_786
Engaged Roka Ya Dhoka S01,100,2026-03-18,,Unknown,Unknown,Hindi,serial,-1003614546520,@Entertainment_Tadka_Serial_786
Engaged Roka Ya Dhoka S01,101,2026-03-18,,Unknown,Unknown,Hindi,serial,-1003614546520,@Entertainment_Tadka_Serial_786
Engaged Roka Ya Dhoka S01,102,2026-03-18,,Unknown,Unknown,Hindi,serial,-1003614546520,@Entertainment_Tadka_Serial_786
Engaged Roka Ya Dhoka S01,103,2026-03-18,,Unknown,Unknown,Hindi,serial,-1003614546520,@Entertainment_Tadka_Serial_786
Engaged Roka Ya Dhoka S01,104,2026-03-18,,Unknown,Unknown,Hindi,serial,-1003614546520,@Entertainment_Tadka_Serial_786
Engaged Roka Ya Dhoka S01,105,2026-03-18,,Unknown,Unknown,Hindi,serial,-1003614546520,@Entertainment_Tadka_Serial_786
Engaged Roka Ya Dhoka S01,106,2026-03-18,,Unknown,Unknown,Hindi,serial,-1003614546520,@Entertainment_Tadka_Serial_786
Engaged Roka Ya Dhoka S01,107,2026-03-18,,Unknown,Unknown,Hindi,serial,-1003614546520,@Entertainment_Tadka_Serial_786