movie_name,message_id
The Taj Story 2025,8
The Taj Story 2025,9
The Taj Story 2025,10
The Taj Story 2025,11
The Taj Story 2025,12
Kis Kisko Pyaar Karoon 2025,20
Kis Kisko Pyaar Karoon 2025,21
Kis Kisko Pyaar Karoon 2025,22
Kis Kisko Pyaar Karoon 2025,23
Kis Kisko Pyaar Karoon 2025,24
Akhanda 2 Thaandavam 2025,25
Akhanda 2 Thaandavam 2025,26
Akhanda 2 Thaandavam 2025,27
Akhanda 2 Thaandavam 2025,28
Akhanda 2 Thaandavam 2025,29
Akhanda 2 Thaandavam 2025,30
Akhanda 2 Thaandavam 2025,31
Avatar Fire and Ash (2025),32
Avatar Fire and Ash (2025),33
Avatar Fire and Ash (2025),34
Avatar Fire and Ash (2025),35
The Raja Saab 2026,36
The Raja Saab 2026,37
The Raja Saab 2026,38
The Raja Saab 2026,39
Border 2 2026,41
Border 2 2026,42
Border 2 2026,43
Border 2 2026,44
Vadh 2 (2026),45
Vadh 2 (2026),46
Vadh 2 (2026),47
Bhabiji Ghar Par Hain 2026,48
Bhabiji Ghar Par Hain 2026,49
Bhabiji Ghar Par Hain 2026,50
Bhabiji Ghar Par Hain 2026,51
Bhabiji Ghar Par Hain 2026,52
O Romeo 2026,53
O Romeo 2026,54
O Romeo 2026,55
O Romeo 2026,56
O Romeo 2026,58
O Romeo 2026,59
O Romeo 2026,60
O Romeo 2026,61